Year,Month,Month_Number,Temperature,Rainfall,Season
2000,January,1,26.9,0,Dry 
2000,February,2,27.11,0,Dry 
2000,March,3,28.71,0.19,Dry
2000,April,4,27.92,3.27,Rainy
2000,May,5,27.03,6.74,Rainy
2000,June,6,23.6,15.57,Rainy
2000,July,7,22.75,14.67,Rainy
2000,August,8,22.68,3.85,Rainy
2000,September,9,23.14,5.18,Rainy
2000,October,10,23.24,6.2,Rainy
2000,November,11,22.24,0.27,Dry
2000,December,12,21.45,0,Dry
2001,January,1,22.32,0,Dry
2001,February,2,24.91,0,Dry
2001,March,3,27.76,0.32,Dry
2001,April,4,26.18,3.87,Rainy
2001,May,5,26.07,4.14,Rainy
2001,June,6,24,4.29,Rainy
2001,July,7,23.38,2.1,Rainy
2001,August,8,23.17,5.19,Rainy
2001,September,9,23.15,5.82,Rainy
2001,October,10,24.05,0.83,Rainy
2001,November,11,24.72,0.43,Dry
2001,December,12,25.42,0,Dry
2002,January,1,25.05,0,Dry
2002,February,2,27.34,0,Dry
2002,March,3,28.63,0.88,Dry
2002,April,4,26.54,7.12,Rainy
2002,May,5,25.33,3.94,Rainy
2002,June,6,24.34,2.67,Rainy
2002,July,7,23.77,7.69,Rainy
2002,August,8,23.07,5.93,Rainy
2002,September,9,23.45,4.69,Rainy
2002,October,10,23.52,2.66,Rainy
2002,November,11,23.75,0.02,Dry
2002,December,12,24.22,0,Dry
2003,January,1,25.36,0.03,Dry
2003,February,2,27.82,0.85,Dry
2003,March,3,28.52,0,Dry
2003,April,4,26.77,4.44,Rainy
2003,May,5,26.54,2.44,Rainy
2003,June,6,24.7,3.1,Rainy
2003,July,7,24.24,2.52,Rainy
2003,August,8,23.6,3.79,Rainy
2003,September,9,23.71,6.39,Rainy
2003,October,10,24.3,4.61,Rainy
2003,November,11,24.78,0.05,Dry
2003,December,12,24.95,0.02,Dry
2004,January,1,26.39,0.02,Dry
2004,February,2,27.75,0,Dry
2004,March,3,29.13,0,Dry
2004,April,4,27.76,3.84,Rainy
2004,May,5,25.11,4.89,Rainy
2004,June,6,24.28,2.41,Rainy
2004,July,7,23.99,2.52,Rainy
2004,August,8,23.71,1.88,Rainy
2004,September,9,24.84,2.25,Rainy
2004,October,10,25.94,0.36,Rainy
2004,November,11,26.79,0.11,Dry
2004,December,12,26.73,0,Dry
2005,January,1,25.74,0,Dry
2005,February,2,29.45,0,Dry
2005,March,3,29.19,0.5,Dry
2005,April,4,28.43,2.33,Rainy
2005,May,5,26.45,1.76,Rainy
2005,June,6,25.32,3.79,Rainy
2005,July,7,24.46,2.21,Rainy
2005,August,8,24.21,3.61,Rainy
2005,September,9,23.9,8.73,Rainy
2005,October,10,24.21,2.37,Rainy
2005,November,11,25.1,0.1,Dry
2005,December,12,26.13,0,Dry
2006,January,1,27.37,0.04,Dry
2006,February,2,28.09,0.23,Dry
2006,March,3,28.86,0.01,Dry
2006,April,4,28.39,1.84,Rainy
2006,May,5,25.64,3.31,Rainy
2006,June,6,25.77,1.82,Rainy
2006,July,7,24.94,3.96,Rainy
2006,August,8,23.17,13.9,Rainy
2006,September,9,23.23,5.91,Rainy
2006,October,10,24.37,1.37,Rainy
2006,November,11,22.78,0.02,Dry
2006,December,12,23.48,0,Dry
2007,January,1,24.31,0,Dry
2007,February,2,27.52,0.14,Dry
2007,March,3,28.97,0.26,Dry
2007,April,4,27.61,2.69,Rainy
2007,May,5,26.52,3.53,Rainy
2007,June,6,24.08,7.75,Rainy
2007,July,7,22.99,7.45,Rainy
2007,August,8,22.44,14.19,Rainy
2007,September,9,23.16,8.84,Rainy
2007,October,10,23.66,4.53,Rainy
2007,November,11,23.38,0.37,Dry
2007,December,12,21.99,0.03,Dry
2008,January,1,23.15,0.05,Dry
2008,February,2,25.58,0,Dry
2008,March,3,27.93,0.35,Dry
2008,April,4,27.15,2.16,Rainy
2008,May,5,26.29,3.3,Rainy
2008,June,6,24.57,3.83,Rainy
2008,July,7,23.17,7.07,Rainy
2008,August,8,22.67,10.15,Rainy
2008,September,9,23.3,5.7,Rainy
2008,October,10,23.88,3.29,Rainy
2008,November,11,23.53,0.01,Dry
2008,December,12,24.54,0.03,Dry
2009,January,1,26.18,0.07,Dry
2009,February,2,27.99,0,Dry
2009,March,3,29.08,0.12,Dry
2009,April,4,27.12,3.52,Rainy
2009,May,5,25.52,4.72,Rainy
2009,June,6,24.21,4.95,Rainy
2009,July,7,23.66,4.77,Rainy
2009,August,8,23.16,6.87,Rainy
2009,September,9,23.52,3.63,Rainy
2009,October,10,23.6,3.33,Rainy
2009,November,11,24.01,0.59,Dry
2009,December,12,24.55,0,Dry
2010,January,1,26.24,0.07,Dry
2010,February,2,28.78,0.04,Dry
2010,March,3,28.7,0.29,Dry
2010,April,4,28.07,1.76,Rainy
2010,May,5,25.64,6.81,Rainy
2010,June,6,24.6,4.32,Rainy
2010,July,7,22.93,8,Rainy
2010,August,8,22.82,8.24,Rainy
2010,September,9,22.9,5.39,Rainy
2010,October,10,23.74,3.16,Rainy
2010,November,11,23.93,0.31,Dry
2010,December,12,22.98,0,Dry
2011,January,1,24.38,0,Dry
2011,February,2,27.35,0.07,Dry
2011,March,3,28.61,0,Dry
2011,April,4,28.5,0.34,Rainy
2011,May,5,25.62,5.31,Rainy
2011,June,6,24.45,3.48,Rainy
2011,July,7,23.83,3.64,Rainy
2011,August,8,23.1,6.97,Rainy
2011,September,9,23.03,5.19,Rainy
2011,October,10,23.73,3.17,Rainy
2011,November,11,24.1,0.02,Dry
2011,December,12,24.12,0,Dry
2012,January,1,25.8,0,Dry
2012,February,2,28.17,0,Dry
2012,March,3,28.97,0,Dry
2012,April,4,27.87,1.6,Rainy
2012,May,5,25.82,3.16,Rainy
2012,June,6,23.93,6.03,Rainy
2012,July,7,22.84,8.25,Rainy
2012,August,8,22.5,8.42,Rainy
2012,September,9,22.82,8.84,Rainy
2012,October,10,23.79,5.54,Rainy
2012,November,11,23.74,0.12,Dry
2012,December,12,22.74,0,Dry
2013,January,1,25.16,0.23,Dry
2013,February,2,27.17,0.17,Dry
2013,March,3,27.89,0.96,Dry
2013,April,4,27.38,1.59,Rainy
2013,May,5,26.02,2.21,Rainy
2013,June,6,25.04,2.48,Rainy
2013,July,7,24.15,2.99,Rainy
2013,August,8,23.17,3.12,Rainy
2013,September,9,24.2,2.15,Rainy
2013,October,10,25.32,2.21,Rainy
2013,November,11,26.76,0.32,Dry
2013,December,12,26.16,0.03,Dry
2014,January,1,27.03,0.08,Dry
2014,February,2,28.59,0,Dry
2014,March,3,28.14,0.74,Dry
2014,April,4,27.07,3.85,Rainy
2014,May,5,26.29,3.88,Rainy
2014,June,6,24.78,3.54,Rainy
2014,July,7,23.89,3.37,Rainy
2014,August,8,22.88,6.92,Rainy
2014,September,9,23.28,4.02,Rainy
2014,October,10,24.42,1.76,Rainy
2014,November,11,25.77,0.06,Dry
2014,December,12,25.61,0,Dry
2015,January,1,24.78,0,Dry
2015,February,2,28.73,0.12,Dry
2015,March,3,28.62,0.34,Dry
2015,April,4,28.73,0.78,Rainy
2015,May,5,28.58,0.82,Rainy
2015,June,6,25.95,1.93,Rainy
2015,July,7,24.33,5.4,Rainy
2015,August,8,23.42,5.35,Rainy
2015,September,9,23.66,5.04,Rainy
2015,October,10,24.59,3.67,Rainy
2015,November,11,25.18,0.26,Dry
2015,December,12,23.58,0,Dry
2016,January,1,25.68,0,Dry
2016,February,2,28.46,0,Dry
2016,March,3,29.58,0.93,Dry
2016,April,4,27.81,3.86,Rainy
2016,May,5,25.99,5.97,Rainy
2016,June,6,24.05,6.31,Rainy
2016,July,7,23.25,7.15,Rainy
2016,August,8,23.11,9.77,Rainy
2016,September,9,23.32,7.94,Rainy
2016,October,10,23.97,3.49,Rainy
2016,November,11,23.7,0.01,Dry
2016,December,12,24.04,0,Dry
2017,January,1,25.88,0,Dry
2017,February,2,27.26,0.08,Dry
2017,March,3,29.06,0.15,Dry
2017,April,4,28.04,2.28,Rainy
2017,May,5,25.71,5.42,Rainy
2017,June,6,24.77,5.25,Rainy
2017,July,7,23.73,4.52,Rainy
2017,August,8,23.14,7.33,Rainy
2017,September,9,23.56,3.2,Rainy
2017,October,10,24.35,1.82,Rainy
2017,November,11,25.39,0,Dry
2017,December,12,25.99,0,Dry
2018,January,1,24.95,0,Dry
2018,February,2,28.61,0.33,Dry
2018,March,3,29.21,0,Dry
2018,April,4,28.78,0.24,Rainy
2018,May,5,26.42,2.71,Rainy
2018,June,6,24.66,8.67,Rainy
2018,July,7,23.43,5.94,Rainy
2018,August,8,23.04,5.28,Rainy
2018,September,9,23.56,4.08,Rainy
2018,October,10,24.38,2.21,Rainy
2018,November,11,25.51,0.18,Dry
2018,December,12,25.46,0,Dry
2019,January,1,27.01,0,Dry
2019,February,2,28.23,0.21,Dry
2019,March,3,29.84,0.08,Dry
2019,April,4,30.01,0.23,Rainy
2019,May,5,26.82,2.86,Rainy
2019,June,6,26.08,2.76,Rainy
2019,July,7,23.93,6.45,Rainy
2019,August,8,22.7,9.36,Rainy
2019,September,9,23.71,3.27,Rainy
2019,October,10,23.21,10.24,Rainy
2019,November,11,24.08,0.8,Dry
2019,December,12,22.87,0,Dry
2020,January,1,24.56,0,Dry
2020,February,2,27.58,0,Dry
2020,March,3,28.95,1.54,Dry
2020,April,4,26.81,3.63,Rainy
2020,May,5,25.75,5.28,Rainy
2020,June,6,24.13,6.64,Rainy
2020,July,7,22.91,6.64,Rainy
2020,August,8,22.59,7.68,Rainy
2020,September,9,23.04,4.89,Rainy
2020,October,10,23.81,1.64,Rainy
2020,November,11,24.62,0.04,Dry
2020,December,12,26.14,0,Dry
2021,January,1,26.73,0,Dry
2021,February,2,28.03,0,Dry
2021,March,3,28.29,0.99,Dry
2021,April,4,28.14,2.03,Rainy
2021,May,5,27.23,2.12,Rainy
2021,June,6,24.82,9.07,Rainy
2021,July,7,22.96,13.46,Rainy
2021,August,8,22.94,7.6,Rainy
2021,September,9,23.53,9.3,Rainy
2021,October,10,24.17,2.78,Rainy
2021,November,11,23.67,1.38,Dry
2021,December,12,22.91,0.56,Dry
2022,January,1,23.92,0.2,Dry
2022,February,2,26.35,0.01,Dry
2022,March,3,28.71,0.44,Dry
2022,April,4,26.41,9.9,Rainy
2022,May,5,24.63,15.34,Rainy
2022,June,6,23.53,10.52,Rainy
2022,July,7,23.09,4.9,Rainy
2022,August,8,22.57,7.07,Rainy
2022,September,9,22.93,4.56,Rainy
2022,October,10,23.24,3.18,Rainy
2022,November,11,22.87,0,Dry
2022,December,12,23.14,0,Dry
2023,January,1,25.15,0,Dry
2023,February,2,27.59,0,Dry
2023,March,3,27.86,0.53,Dry
2023,April,4,28.32,0.92,Rainy
2023,May,5,27.42,2.55,Rainy
2023,June,6,25.07,4.59,Rainy
2023,July,7,25.4,2.28,Rainy
2023,August,8,24.73,3.77,Rainy
2023,September,9,24.92,3.46,Rainy
2023,October,10,25.73,4.18,Rainy
2023,November,11,26.3,0.4,Dry
2023,December,12,26.35,0,Dry
