Year,Production,Avg_Temperature,Total_Rainfall
2000,615624,24.730833333333333,55.94
2001,682469,24.594166666666666,26.990000000000002
2002,729632,24.9175,35.6
2003,684471,25.440833333333334,28.240000000000002
2004,709583,26.035,18.279999999999998
2005,699658,26.049166666666665,25.4
2006,665212,25.507500000000004,32.41
2007,743368,24.719166666666666,49.78
2008,751004,24.646666666666665,35.94
2009,763325,25.21666666666667,32.57
2010,765115,25.110833333333332,38.39
2011,731898,25.06833333333333,28.19
2012,628031,24.915833333333335,41.96
2013,752480,25.701666666666668,18.46
2014,765133,25.645833333333332,28.22
2015,778060,25.84583333333333,23.71
2016,701758,25.246666666666666,45.43
2017,714439,25.573333333333334,30.05
2018,740384,25.6675,29.64
2019,750097,25.7075,36.26
2020,738145,25.074166666666667,37.98
